FirstName,LastName,Email,PhoneNumber
John,Doe,john@example.com,111-111-1111
Jane,Smith,jane@example.com,222-222-2222
David,Johnson,david@example.com,333-333-3333
Emily,Davis,emily@example.com,444-444-4444
Michael,Clark,michael@example.com,555-555-5555
Sarah,Williams,sarah@example.com,666-666-6666
Robert,Anderson,robert@example.com,777-777-7777
Linda,Moore,linda@example.com,888-888-8888
James,Wilson,james@example.com,999-999-9999
Mary,Johnson,mary@example.com,111-222-3333
Jennifer,Brown,jennifer@example.com,222-333-4444
Christopher,Jones,chris@example.com,333-444-5555
Laura,Davis,laura@example.com,444-555-6666
Matthew,Miller,matthew@example.com,555-666-7777
Patricia,Smith,patricia@example.com,666-777-8888
William,Taylor,william@example.com,777-888-9999
Nancy,Anderson,nancy@example.com,888-999-1111
Daniel,Moore,daniel@example.com,999-111-2222
Elizabeth,Johnson,elizabeth@example.com,111-222-3333
